ID	EntryID	rc100
78-agyag-1	78-agyag	^(a|o|aɣ|ɒ|aw|ul)?(d͡ʒʲ|d|ɟ|t͡ʃ)(a|o|aɣ|ɒ|aw|ul)?(ɡ|k)(i)?$
291-apaca-1	291-apaca	^(a|o|aɣ|ɒ|aw|ul)?(p|pu|pi)(a|aː|aɣa|al|o|aɣi|il|aɣ|ava)(s|t͡ʃ|z|k)(a)$
296-apat-1	296-apat	^(a|o|aɣ|ɒ|aw|ul)?(p|pu|pi)(a|aː|aɣa|al|o|aɣi|il|aɣ|ava)(t|k|dø)(i)?$
356-artany-1	356-artany	^(a|aː|aɣa|al|o|aɣi|il|aɣ|ava)(r)(t|k|dø)(a|aː|aɣa|al|o|aɣi|il|aɣ|ava)(n|m|ɲ)$
475-bagoly-1	475-bagoly	^(b|p)(a|o)(ɡ|k)(u|o|a|ɒ|ol|ul|uɣu|oɣo|ɯ|oɣ|uɣ|al|i)?(l|j|ɣ|ja|ji|li)?$
498-bako-1	498-bako	^(b|p)(a|o|aɣ|ɒ|aw|ul)?(k|kɛ|ɡ)(aɣ|uɣ|u|aɣu|iɣ|oɣ|a|aw|al|ɯɣ|uː|uj|au|i|awu|aː)(i)?$
504-bal-1	504-bal	^(b|p)(a|o|aɣ|ɒ|aw|ul)?(l|rl|n|k|j)?(i|y|ɛ|iɣ|u|øk|at|ɛk)?$
531-ban-1	531-ban	^(b|p)(a|aː|aɣa|al|o|aɣi|il|aɣ|ava)(n|møn)?(i|y|ɛ|iɣ|u|øk|at|ɛk|a|uk)?$
604-batya-1	604-batya	^(b|p)(a|aː|aɣa|al|o|aɣi|il|aɣ|ava)(t)(a|o|aɣ|ɒ|aw|ul)?(i|y|ɛ|iɣ|u)?$
621-beco-1	621-beco	^(b|p)(ɛ|i|y|ɛɣ|ø|a)(s|t͡ʃ|z|k)(ɛɣ|ɛw|iɣ|ø|ɛy|y|ɛɣy|yː|ɛwi|ɛ|øː)(i)?$
632-begy-1	632-begy	^(b|p)(ɛ|i|y|ɛɣ|ø|a)(d͡ʒʲ|d|ɟ|t͡ʃ)(i|y|ɛ|iɣ|u|øk|at|ɛk|a|uk)?$
663-ber-1	663-ber	^(b|p)(ɛ|i|eː|ø|y|a|e|ɛj|ɛwɛ|iu|ɛwi|iː)(r|ri|ra|ru|ro|ry)?(i|y|ɛ|iɣ)?$
671-berek-1	671-berek	^(b|p)(ɛ|i|y|ɛɣ|ø|a)(r|ri|ra)?(ɛ|i|y|ɛɣ|ø|a)(k|kɛ|ɡ)$
682-bese-1	682-bese	^(b|p)(ɛ|i|y|ɛɣ|ø|a)(ʃ|t͡ʃ|s|ɣ)(ɛ|i|y|ɛɣ|ø|a)(i|y)?$
691-beteg-1	691-beteg	^(b|p)(ɛ|i|y|ɛɣ|ø|a)(t|k|dø)(ɛ|i|y|ɛɣ|ø|a)(ɡ|k)(i)?$
710-bicsak-1	710-bicsak	^(b|p)(i|y|ɛ|a|ɯ|iɣ|wi|il|ij|al)(t͡ʃ|t͡ʃɛ)?(a|o|aɣ|ɒ|aw|ul)?(k|kɛ)$
737-bir-1	737-bir	^(b|p)(i|iː)(r|ri|ra|ru|ro|ry)?(i|y|ɛ|iɣ|u|øk|at|ɛk|a|uk)?$
739-birka-1	739-birka	^(b|p)(i|y|ɛ|a|ɯ|iɣ|wi|il|ij|al)(r|ri)(k|kɛ|ɡ)(a|o|aɣ|ɒ|aw|ul)?$
751-bizik-1	751-bizik	^(b|p)(i|iː)(z|s)(i|y|ɛ|iɣ|u|øk|at|ɛk|a|uk)?$
781-boda-1	781-boda	^(b|p)(aɣ|uɣ|u|aɣu|iɣ|oɣ|a|aw|al|ɯɣ|uː|uj|au|i|awu|aː)(d|d͡ʒʲ|t|nd)?(a|o|aɣ|ɒ)?$
796-boglya-1	796-boglya	^(b|p)(u|o|a|ɒ|ol|ul|uɣu|oɣo|ɯ|oɣ|uɣ|al|i)?(ɡ|k)(l|j|ɣ|ja|ji|li)?(a|o)$
843-bonc-1	843-bonc	^(b|p)(u|o|a|ɒ|ol|ul|uɣu|oɣo|ɯ|oɣ|uɣ|al|i)?(n|møn)?(s|t͡ʃ|z|k)(i|y)?$
888-bot-1	888-bot	^(b|p)(u|o|a|ɒ|ol|ul|uɣu|oɣo|ɯ|oɣ|uɣ|al|i)?(t|k|dø)(i|y|ɛ|iɣ|u|øk|at|ɛk)?$
1045-bukk-1	1045-bukk	^(b|p)(i|y|ɛ|yɣ|ɛɣ|iɣy|iɣ|ø)(k)(i|y|ɛ|iɣ|u|øk|at|ɛk|a|uk)?$
1050-burok-1	1050-burok	^(b|p)(i|y|ɛ|yɣ|ɛɣ|iɣy|iɣ|ø)(r|ri)(y|ɛ|ø|i|yɣy|yɣ|ɛr|ɛɣ|øɣi|ɛɣi)?(k|kɛ|ɡ)$
1057-buz-1	1057-buz	^(b|p)(iɣ|yɣ|y|ɛɣ|yː|yɣy|ɛwy|ɛɣy|iɣi|ɛɣi|i|ø)(z|s)(i|y|ɛ|iɣ|u|øk|at|ɛk|a|uk)?$
1186-cenk-1	1186-cenk	^(s|t͡ʃ|z|k)(ɛ|i|y|ɛɣ|ø|a)(n|møn)?(k|kɛ|ɡ)(i|y|ɛ)?$
1300-comb-1	1300-comb	^(s|t͡ʃ|z|k)(u|o|a|ɒ|ol|ul|uɣu|oɣo|ɯ|oɣ|uɣ|al|i)?(m)(b|p)(i|y|ɛ|iɣ|u|øk)?$
1301-compo-1	1301-compo	^(s|t͡ʃ|z|k)(u|o|a|ɒ|ol|ul|uɣu|oɣo|ɯ|oɣ)?(m)(p)(aɣ|uɣ|u|aɣu|iɣ|oɣ|a|aw|al|ɯɣ|uː|uj|au|i|awu|aː)$
1311-cudar-1	1311-cudar	^(s|t͡ʃ|z|k)(u|uɣ|ɯ|uwa|aɣ)(d|d͡ʒʲ|t|nd)?(a|o|aɣ|ɒ|aw|ul)?(r)$
1341-csak-1	1341-csak	^(t͡ʃ|t͡ʃɛ)?(a|o|aɣ|ɒ|aw|ul)?(k|kɛ|ɡ)(i|y|ɛ|iɣ|u|øk|at|ɛk|a|uk)?$
1346-csako-1	1346-csako	^(t͡ʃ|t͡ʃɛ)?(a|aː|aɣa|al|o|aɣi|il|aɣ|ava)(k|kɛ)(aɣ|uɣ|u|aɣu|iɣ|oɣ|a|aw|al|ɯɣ|uː|uj|au|i|awu|aː)$
1400-csecs-1	1400-csecs	^(t͡ʃ|t͡ʃɛ)?(ɛ|i|y|ɛɣ|ø|a)(t͡ʃ|t͡ʃɛ)?(i|y|ɛ|iɣ|u|øk|at|ɛk|a|uk)?$
1410-csekle-1	1410-csekle	^(t͡ʃ|t͡ʃɛ)?(ɛ|i|y|ɛɣ|ø|a)(k|kɛ)(l|rl|n|k|j)?(ɛ|i|y|ɛɣ|ø|a)$
1427-csen-1	1427-csen	^(t͡ʃ|t͡ʃɛ)?(ɛ|i|y|ɛɣ|ø|a)(n|møn)?(i|y|ɛ|iɣ|u|øk|at|ɛk|a|uk)?$
1556-csira-1	1556-csira	^(t͡ʃ|t͡ʃɛ)?(i|iː)(r|ri|ra|ru|ro|ry)?(a|o|aɣ|ɒ|aw|ul)?(i|y)?$
1620-csomor-1	1620-csomor	^(t͡ʃ|t͡ʃɛ)?(y|ɛ|ø|i|yɣy|yɣ|ɛr|ɛɣ|øɣi|ɛɣi)?(m)(y|ɛ|ø|i|yɣy|yɣ|ɛr|ɛɣ|øɣi|ɛɣi)?(r|ri)$
1630-csucs-1	1630-csucs	^(t͡ʃ|t͡ʃɛ)?(u|aɣ|uɣ|oɣ|aɣu|ul|uː|uɣu|i|o|iɣu)(t͡ʃ|t͡ʃɛ)?(i|y|ɛ|iɣ|u|øk|at)?$
1649-csunya-1	1649-csunya	^(t͡ʃ|t͡ʃɛ)?(u|aɣ|uɣ|oɣ|aɣu|ul|uː|uɣu|i|o|iɣu)(n|m|ɲ)(a|o|aɣ|ɒ|aw|ul)?(i)?$
1650-csup-1	1650-csup	^(t͡ʃ|t͡ʃɛ)?(u|aɣ|uɣ|oɣ|aɣu|ul|uː|uɣu|i|o|iɣu)(p|pu|pi)(i|y|ɛ|iɣ|u|øk|at)?$
1701-dalm-1	1701-dalm	^(d|d͡ʒʲ|t|nd)?(a|o|aɣ|ɒ|aw|ul)?(l|rl|n|k|j)?(m)(i|y|ɛ)?$
1752-delceg-1	1752-delceg	^(d|d͡ʒʲ|t|nd)?(ɛ|i|eː|ø|y|a|e|ɛj|ɛwɛ|iu|ɛwi|iː)(l)(s|t͡ʃ|z|k)(ɛ|i)(ɡ|k)$
1775-denever-1	1775-denever	^(d|d͡ʒʲ|t|nd)?(ɛ|i)(n)(ɛ)(v|ɣ|w|yɣ|u)?(ɛ|i|eː|ø|y|a|e|ɛj|ɛwɛ|iu|ɛwi|iː)(r)$
1800-dever-1	1800-dever	^(d|d͡ʒʲ|t|nd)?(ɛ|i|eː|ø|y|a|e|ɛj|ɛwɛ|iu|ɛwi|iː)(v|ɣ|w|yɣ|u)?(ɛ|i)(r)$
1854-disz-1	1854-disz	^(d|d͡ʒʲ|t|nd)?(i|iː)(s|sʲ|ʃ|z)(i|y|ɛ|iɣ|u|øk|at|ɛk|a|uk)?$
1973-dul-1	1973-dul	^(d|d͡ʒʲ|t|nd)?(u|aɣ|uɣ|oɣ|aɣu|ul|uː|uɣu|i|o|iɣu)(l|rl|n|k|j)?(i|y)?$
2030-ed-1	2030-ed	^(ɛ|i|y|ɛɣ|ø|a)(d|d͡ʒʲ|t|nd)?(i|y|ɛ|iɣ|u|øk|at|ɛk|a|uk)?$
2033-edeny-1	2033-edeny	^(ɛ|i|y|ɛɣ)(d|d͡ʒʲ|t|nd)?(ɛ|i|eː|ø|y|a|e|ɛj|ɛwɛ|iu|ɛwi|iː)(n|m|ɲ)$
2042-eger-1	2042-eger	^(ɛ|i|eː|ø|y|a|e|ɛj|ɛwɛ|iu|ɛwi|iː)(ɡ|k)(ɛ|i|y|ɛɣ|ø|a)(r|ri|ra|ru)?$
2044-egesz-1	2044-egesz	^(ɛ|i|y|ɛɣ|ø|a)(ɡ|k)(ɛ|i|eː|ø|y|a|e|ɛj|ɛwɛ|iu|ɛwi|iː)(s|sʲ|ʃ|z)(i)?$
2127-eleve-1	2127-eleve	^(ɛ|i|y|ɛɣ|ø|a)(l)(ɛ|i|y|ɛɣ|ø|a)(v|ɣ|w|yɣ|u)?(ɛ|i|y|ɛɣ)$
2142-elme-1	2142-elme	^(ɛ|i|y|ɛɣ|ø|a)(l|rl|n|k|j)?(m)(ɛ|i|y|ɛɣ|ø|a)(i|y|ɛ)?$
2217-er-1	2217-er	^(ɛ|i|eː|ø|y|a|e|ɛj|ɛwɛ|iu|ɛwi|iː)(r|ri|ra|ru|ro|ry)?(i|y|ɛ|iɣ|u|øk|at|ɛk)?$
2240-erkolcs-1	2240-erkolcs	^(ɛ|i|y|ɛɣ|ø|a)(r)(k)(y|ɛ|ø|i|yɣy|yɣ|ɛr|ɛɣ|øɣi|ɛɣi)?(l|rl|n)?(t͡ʃ|t͡ʃɛ)?$
2247-ersek-1	2247-ersek	^(ɛ|i|eː|ø|y|a|e|ɛj|ɛwɛ|iu|ɛwi|iː)(r)(ʃ|t͡ʃ|s|ɣ)(ɛ|i|y|ɛɣ|ø|a)(k|kɛ|ɡ)$
2248-erszeny-1	2248-erszeny	^(ɛ|i|y|ɛɣ|ø)(r)(s|sʲ|ʃ|z)(ɛ|i|eː|ø|y|a|e|ɛj|ɛwɛ|iu|ɛwi|iː)(n|m|ɲ)$
2274-eszkoz-1	2274-eszkoz	^(ɛ|i|y|ɛɣ|ø|a)(s|sʲ|ʃ|z)(k|kɛ)(y|ɛ|ø|i|yɣy|yɣ|ɛr|ɛɣ|øɣi|ɛɣi)?(z|s)$
2989-geszt-1	2989-geszt	^(ɡ|k)(ɛ|i|y|ɛɣ|ø|a)(s|sʲ|ʃ|z)(t|k|dø)(i|y|ɛ|iɣ)?$
3006-gim-1	3006-gim	^(ɡ|k)(i|iː)(m)(i|y|ɛ|iɣ|u|øk|at|ɛk|a|uk)?$
3048-gond-1	3048-gond	^(ɡ|k)(u|o|a|ɒ|ol|ul|uɣu|oɣo|ɯ|oɣ|uɣ|al|i)?(n|møn)?(d|d͡ʒʲ|t|nd)?(i)?$
3074-godor-1	3074-godor	^(ɡ|k)(y|ɛ|ø|i|yɣy|yɣ|ɛr|ɛɣ|øɣi|ɛɣi)?(d|d͡ʒʲ|t|nd)?(y|ɛ|ø|i|yɣy|yɣ|ɛr|ɛɣ|øɣi|ɛɣi)?(r)$
3103-goz-1	3103-goz	^(ɡ|k)(ɛɣ|ɛw|iɣ|ø|ɛy|y|ɛɣy|yː|ɛwi|ɛ|øː)(z|s)(i|y|ɛ|iɣ|u|øk|at|ɛk|a|uk)?$
3182-gyak-1	3182-gyak	^(d͡ʒʲ|d|ɟ|t͡ʃ)(a|o|aɣ|ɒ|aw|ul)?(k|kɛ|ɡ)(i|y|ɛ|iɣ|u|øk|at|ɛk)?$
3214-gyenge-1	3214-gyenge	^(d͡ʒʲ|d|ɟ|t͡ʃ)(ɛ|i|y|ɛɣ|ø|a)(n|møn)?(ɡ|k)(ɛ|i|y|ɛɣ|ø|a)$
3218-gyepu-1	3218-gyepu	^(d͡ʒʲ|d|ɟ|t͡ʃ)(ɛ|i|y|ɛɣ|ø)(p|pu|pi)(iɣ|yɣ|y|ɛɣ|yː|yɣy|ɛwy|ɛɣy|iɣi|ɛɣi|i|ø)$
3219-gyer-1	3219-gyer	^(d͡ʒʲ|d|ɟ|t͡ʃ)(ɛ|i|eː|ø|y|a|e|ɛj|ɛwɛ|iu|ɛwi|iː)(r|ri|ra|ru|ro|ry)?(i|y)?$
3234-gyors-1	3234-gyors	^(d͡ʒʲ|d|ɟ|t͡ʃ)(u|o|a|ɒ|ol|ul|uɣu|oɣo|ɯ|oɣ|uɣ|al|i)?(r|ri|ra)?(ʃ|t͡ʃ|s|ɣ)$
3235-gyota-1	3235-gyota	^(d͡ʒʲ|d|ɟ|t͡ʃ)(aɣ|uɣ|u|aɣu|iɣ|oɣ|a|aw|al|ɯɣ|uː|uj|au|i|awu|aː)(t|k)(a|o|aɣ|ɒ|aw|ul)?$
3244-gyoz-1	3244-gyoz	^(d͡ʒʲ|d|ɟ|t͡ʃ)(ɛɣ|ɛw|iɣ|ø|ɛy|y|ɛɣy|yː|ɛwi|ɛ|øː)(z|s)(i|y|ɛ|iɣ|u|øk|at)?$
3256-gyur-1	3256-gyur	^(d͡ʒʲ|d|ɟ|t͡ʃ)(iɣ|yɣ|y|ɛɣ|yː|yɣy|ɛwy|ɛɣy|iɣi|ɛɣi|i|ø)(r|ri|ra|ru|ro|ry)?(i|y)?$
3294-hagyman-1	3294-hagyman	^(h|x|ɣ)?(a|o)(d͡ʒʲ|d|ɟ|t͡ʃ)(m)(a|aː|aɣa|al|o|aɣi|il|aɣ|ava)(n|møn)?$
3351-hamar-1	3351-hamar	^(h|x|ɣ)?(a|o|aɣ|ɒ|aw|ul)?(m)(a|o|aɣ|ɒ|aw|ul)?(r|ri|ra)?$
3368-hanga-1	3368-hanga	^(h|x|ɣ)?(a|o|aɣ|ɒ|aw|ul)?(n|møn)?(ɡ|k)(a|o|aɣ|ɒ)?$
3405-harcsa-1	3405-harcsa	^(h|x|ɣ)?(a|o|aɣ|ɒ|aw|ul)?(r|ri)(t͡ʃ|t͡ʃɛ)?(a|o|aɣ|ɒ|aw|ul)?$
3426-has-1	3426-has	^(h|x|ɣ)?(a|o|aɣ|ɒ|aw|ul)?(ʃ|t͡ʃ|s|ɣ)(i|y|ɛ|iɣ|u|øk)?$
3439-hatak-1	3439-hatak	^(h|x|ɣ)?(a|o|aɣ|ɒ|aw|ul)?(t|k|dø)(a|o|aɣ|ɒ|aw|ul)?(k|kɛ)$
3473-hegy-1	3473-hegy	^(h|x|ɣ)?(ɛ|i|y|ɛɣ|ø|a)(d͡ʒʲ|d|ɟ|t͡ʃ)(i|y|ɛ|iɣ|u|øk|at)?$
3515-herep-1	3515-herep	^(h|x|ɣ)?(ɛ|i|y|ɛɣ|ø|a)(r|ri)(ɛ|i|y|ɛɣ|ø|a)(p|pu|pi)$
3523-hermec-1	3523-hermec	^(h|x|ɣ)?(ɛ|i|y|ɛɣ|ø|a)(r|ri)(m)(ɛ|i|y|ɛɣ|ø|a)(s|t͡ʃ|z|k)$
3605-hitvany-1	3605-hitvany	^(h|x|ɣ)?(i|y|ɛ|a|ɯ|iɣ|wi|il|ij|al)(t)(v|ɣ|w|yɣ|u)?(a)(n|m|ɲ)$
3609-hiuz-1	3609-hiuz	^(h|x|ɣ)?(i|y|ɛ|a|ɯ|iɣ|wi|il)(u|aɣ|uɣ|oɣ|aɣu|ul|uː|uɣu|i|o|iɣu)(z|s)$
3688-horka-1	3688-horka	^(h|x|ɣ)?(u|o|a|ɒ|ol|ul|uɣu|oɣo|ɯ|oɣ|uɣ|al|i)?(r)(k|kɛ)(a|o|aɣ|ɒ|aw|ul)?$
3712-ho-1	3712-ho	^(h|x|ɣ)?(ɛɣ|ɛw|iɣ|ø|ɛy|y|ɛɣy|yː|ɛwi|ɛ|øː)(i|y|ɛ|iɣ|u|øk|at|ɛk|a|uk)?$
3725-hug-1	3725-hug	^(h|x|ɣ)?(u|aɣ|uɣ|oɣ|aɣu|ul|uː|uɣu|i|o|iɣu)(ɡ|k)(i|y|ɛ|iɣ|u|øk|at)?$
3757-hus-1	3757-hus	^(h|x|ɣ)?(u|aɣ|uɣ|oɣ|aɣu|ul|uː|uɣu|i|o|iɣu)(ʃ|t͡ʃ|s|ɣ)(i|y|ɛ)?$
3794-idegen-1	3794-idegen	^(i|y|ɛ|a|ɯ|iɣ|wi|il|ij|al)(d|d͡ʒʲ|t|nd)?(ɛ|i|y|ɛɣ|ø|a)(ɡ|k)(ɛ|i)(n)$
3826-ij-1	3826-ij	^(i|iː)(l|j|ɣ|ja|ji|li)?(i|y|ɛ|iɣ|u|øk|at|ɛk|a|uk)?$
3868-in-1	3868-in	^(i|iː)(n|møn)?(i|y|ɛ|iɣ|u|øk|at|ɛk|a|uk)?$
3886-ing-1	3886-ing	^(i|y|ɛ|a|ɯ|iɣ|wi|il|ij|al)(n|møn)?(ɡ|k)(i|y|ɛ|iɣ|u|øk|at|ɛk|a|uk)?$
3932-ir-1	3932-ir	^(i|iː)(r|ri|ra|ru|ro|ry)?(i|y|ɛ|iɣ|u|øk|at|ɛk|a|uk)?$
3989-iva-1	3989-iva	^(i|y|ɛ|a|ɯ|iɣ|wi|il|ij|al)(v|ɣ|w|yɣ|u)?(a|o|aɣ|ɒ|aw|ul)?(i)?$
4082-jozan-1	4082-jozan	^(l|j|ɣ|ja|ji|li)?(aɣ|uɣ|u|aɣu|iɣ|oɣ|a|aw|al|ɯɣ|uː|uj|au|i|awu|aː)(z|s)(a|o)(n|møn)?$
4091-juh-1	4091-juh	^(l|j|ɣ|ja|ji|li)?(u|uɣ|ɯ|uwa|aɣ)(h|x|ɣ)?(i|y|ɛ|iɣ)?$
4253-kakics-1	4253-kakics	^(k|kɛ|ɡ)(a|aː|aɣa|al|o|aɣi|il|aɣ|ava)(k)(i|y|ɛ|a|ɯ|iɣ|wi|il|ij|al)(t͡ʃ|t͡ʃɛ)?$
4290-kaliz-1	4290-kaliz	^(k)(a|aː|aɣa|al|o|aɣi|il|aɣ|ava)(l|rl|n)?(i|y|ɛ|a|ɯ|iɣ|wi|il|ij|al)(z|s)$
4310-kamasz-1	4310-kamasz	^(k|kɛ|ɡ)(a|o|aɣ|ɒ|aw|ul)?(m)(a|o|aɣ|ɒ|aw|ul)?(s|sʲ|ʃ|z)(i)?$
4334-kanal-1	4334-kanal	^(k)(a|o|aɣ|ɒ)?(n|møn)?(a|aː|aɣa|al|o|aɣi|il|aɣ|ava)(l|rl|n|k|j)?$
4342-kancso-1	4342-kancso	^(k)(a|o|aɣ|ɒ)?(n|møn)?(t͡ʃ|t͡ʃɛ)?(aɣ|uɣ|u|aɣu|iɣ|oɣ|a|aw|al|ɯɣ|uː|uj|au|i|awu|aː)$
4615-kesa-1	4615-kesa	^(k|kɛ|ɡ)(ɛ|i|eː|ø|y|a|e|ɛj|ɛwɛ|iu|ɛwi|iː)(ʃ|t͡ʃ|s|ɣ)(a|o|aɣ|ɒ|aw|ul)?$
4642-keve-1	4642-keve	^(k|kɛ)(ɛ|i|eː|ø|y|a|e|ɛj|ɛwɛ|iu|ɛwi|iː)(v|ɣ|w|yɣ|u)?(ɛ|i|y|ɛɣ|ø|a)$
4671-kedv-1	4671-kedv	^(k|kɛ|ɡ)(ɛ|i|y|ɛɣ|ø|a)(d|d͡ʒʲ|t|nd)?(v|ɣ|w|yɣ|u)?(i)?$
4697-kelevez-1	4697-kelevez	^(k)(ɛ|i|y|ɛɣ|ø)(l)(ɛ)(v|ɣ|w|yɣ|u)?(ɛ|i|eː|ø|y|a|e|ɛj|ɛwɛ|iu|ɛwi|iː)(z|s)$
4704-kem-1	4704-kem	^(k|kɛ|ɡ)(ɛ|i|eː|ø|y|a|e|ɛj|ɛwɛ|iu|ɛwi|iː)(m)(i|y|ɛ|iɣ|u|øk|at|ɛk|a|uk)?$
4735-kep-1	4735-kep	^(k|kɛ|ɡ)(ɛ|i|eː|ø|y|a|e|ɛj|ɛwɛ|iu|ɛwi|iː)(p|pu|pi)(i|y|ɛ|iɣ|u|øk)?$
4759-kilincs-1	4759-kilincs	^(k)(i|y|ɛ|a|ɯ|iɣ|wi|il|ij|al)(l)(i|y|ɛ|a|ɯ|iɣ|wi|il|ij|al)(n|møn)?(t͡ʃ|t͡ʃɛ)?$
4923-kocsord-1	4923-kocsord	^(k)(u|o|a|ɒ|ol|ul|uɣu|oɣo|ɯ|oɣ|uɣ|al|i)?(t͡ʃ)(u|o|a|ɒ|ol|ul|uɣu|oɣo|ɯ)?(r)(d|d͡ʒʲ|t|nd)?$
5054-kontar-1	5054-kontar	^(k)(u|o|a|ɒ|ol|ul|uɣu|oɣo|ɯ|oɣ|uɣ|al|i)?(n|møn)?(t|k)(a|aː|aɣa|al|o|aɣi|il|aɣ|ava)(r)$
5093-kopolya-1	5093-kopolya	^(k)(u|o|a|ɒ|ol|ul|uɣu|oɣo|ɯ|oɣ|uɣ|al|i)?(p)(u|o|a|ɒ|ol|ul|uɣu)?(l|j|ɣ|ja|ji|li)?(a)$
5126-korlat-1	5126-korlat	^(k)(u|o|a|ɒ|ol|ul|uɣu|oɣo|ɯ|oɣ|uɣ|al|i)?(r)(l|rl|n|k|j)?(a|aː|aɣa|al|o|aɣi|il|aɣ|ava)(t)$
5147-korso-1	5147-korso	^(k)(u|o|a|ɒ|ol|ul|uɣu|oɣo|ɯ|oɣ|uɣ|al|i)?(r)(ʃ|t͡ʃ|s|ɣ)(aɣ|uɣ|u|aɣu|iɣ|oɣ|a|aw|al|ɯɣ|uː|uj|au|i|awu|aː)$
5163-kosz-1	5163-kosz	^(k|kɛ|ɡ)(u|o|a|ɒ|ol|ul|uɣu|oɣo|ɯ|oɣ|uɣ|al|i)?(s|sʲ|ʃ|z)(i|y|ɛ|iɣ)?$
5187-kova-1	5187-kova	^(k|kɛ)(u|o|a|ɒ|ol|ul|uɣu|oɣo|ɯ|oɣ|uɣ|al|i)?(v|ɣ|w|yɣ|u)?(a|o|aɣ|ɒ|aw|ul)?$
5277-kuka-1	5277-kuka	^(k|kɛ|ɡ)(u|uɣ|ɯ|uwa|aɣ)(k|kɛ|ɡ)(a|o|aɣ|ɒ|aw|ul)?(i|y)?$
5391-kuszob-1	5391-kuszob	^(k)(i|y|ɛ|yɣ|ɛɣ|iɣy|iɣ|ø)(s|sʲ|ʃ|z)(y|ɛ|ø|i|yɣy|yɣ|ɛr|ɛɣ|øɣi|ɛɣi)?(b|p)$
5460-lang-1	5460-lang	^(l|rl|n|k|j)?(a|aː|aɣa|al|o|aɣi|il|aɣ|ava)(n|møn)?(ɡ|k)(i|y)?$
5471-lap-1	5471-lap	^(l|rl|n|k|j)?(a|o|aɣ|ɒ|aw|ul)?(p|pu|pi)(i|y|ɛ|iɣ|u)?$
5605-level-1	5605-level	^(l)?(ɛ|i|y|ɛɣ|ø|a)(v|ɣ|w|yɣ|u)?(ɛ|i|eː|ø|y|a|e|ɛj|ɛwɛ|iu|ɛwi|iː)(l)$
5629-lt-1	5629-lt	^(l|rl|n|k|j)?(t|k|dø)(i|y|ɛ|iɣ|u|øk|at|ɛk|a|uk)?$
5655-liszt-1	5655-liszt	^(l|rl|n|k|j)?(i|y|ɛ|a|ɯ|iɣ|wi|il|ij|al)(s|sʲ|ʃ|z)(t|k|dø)$
5702-lorom-1	5702-lorom	^(l|rl|n)?(aɣ|uɣ|u|aɣu|iɣ|oɣ|a|aw|al|ɯɣ|uː|uj|au|i|awu|aː)(r)(u|o|a|ɒ|ol|ul|uɣu|oɣo|ɯ|oɣ|uɣ|al|i)?(m)$
5761-madar-1	5761-madar	^(m)(a|o|aɣ|ɒ|aw|ul)?(d|d͡ʒʲ|t|nd)?(a|aː|aɣa|al|o|aɣi|il|aɣ|ava)(r|ri)?$
5771-magas-1	5771-magas	^(m)(a|o|aɣ|ɒ|aw|ul)?(ɡ|k)(a|o|aɣ|ɒ|aw|ul)?(ʃ|t͡ʃ|s|ɣ)(i)?$
5852-maszik-1	5852-maszik	^(m)(a|aː|aɣa|al|o|aɣi|il|aɣ|ava)(s|sʲ|ʃ|z)(i|y|ɛ|iɣ|u|øk|at|ɛk|a|uk)?$
5950-mazalin-1	5950-mazalin	^(m)(a|o)(z|s)(a)(l|rl|n|k|j)?(i|y|ɛ|a|ɯ|iɣ|wi|il|ij|al)(n|møn)?$
5986-megy-1	5986-megy	^(m)(ɛ|i|y|ɛɣ|ø|a)(d͡ʒʲ|d|ɟ|t͡ʃ)(i|y|ɛ|iɣ|u|øk|at|ɛk|a|uk)?$
6014-men-1	6014-men	^(m)(ɛ|i|eː|ø|y|a|e|ɛj|ɛwɛ|iu|ɛwi|iː)(n|møn)?(i|y|ɛ|iɣ|u|øk|at|ɛk|a|uk)?$
6133-mereg-1	6133-mereg	^(m)(ɛ|i|eː|ø|y|a|e|ɛj|ɛwɛ|iu|ɛwi|iː)(r|ri|ra|ru)?(ɛ|i|y|ɛɣ|ø|a)(ɡ|k)$
6154-mesz-1	6154-mesz	^(m)(ɛ|i|eː|ø|y|a|e|ɛj|ɛwɛ|iu|ɛwi|iː)(s|sʲ|ʃ|z)(i|y|ɛ|iɣ|u|øk|at|ɛk|a|uk)?$
6338-nadaly-1	6338-nadaly	^(n|møn)?(a)(d|d͡ʒʲ|t|nd)?(a|aː|aɣa|al|o|aɣi|il|aɣ|ava)(l|j|ɣ|ja|ji|li)?$
6374-nedv-1	6374-nedv	^(n|møn)?(ɛ|i|y|ɛɣ|ø|a)(d|d͡ʒʲ|t|nd)?(v|ɣ|w|yɣ|u)?(i)?$
6460-nyaj-1	6460-nyaj	^(n|m|ɲ)(a|aː|aɣa|al|o|aɣi|il|aɣ|ava)(l|j|ɣ|ja|ji|li)?(i|y|ɛ)?$
6477-nyar-1	6477-nyar	^(n|m|ɲ)(a|aː|aɣa|al|o|aɣi|il|aɣ|ava)(r|ri|ra|ru|ro|ry)?(i|y|ɛ)?$
6584-ordog-1	6584-ordog	^(y|ɛ|ø|i|yɣy|yɣ|ɛr|ɛɣ|øɣi|ɛɣi)?(r)(d|d͡ʒʲ|t|nd)?(y|ɛ|ø|i|yɣy|yɣ|ɛr|ɛɣ|øɣi|ɛɣi)?(ɡ|k)$
6609-oszver-1	6609-oszver	^(y|ɛ|ø|i|yɣy|yɣ|ɛr|ɛɣ|øɣi|ɛɣi)?(s)(v|ɣ|w|yɣ|u)?(ɛ|i|eː|ø|y|a|e|ɛj|ɛwɛ|iu|ɛwi)(r)$
6618-ozon-1	6618-ozon	^(y|ɛ|ø|i|yɣy|yɣ|ɛr|ɛɣ|øɣi|ɛɣi)?(z|s)(y|ɛ|ø|i|yɣy|yɣ|ɛr|ɛɣ|øɣi|ɛɣi)?(n|møn)?$
6619-ozvegy-1	6619-ozvegy	^(y|ɛ|ø|i|yɣy|yɣ|ɛr|ɛɣ|øɣi|ɛɣi)?(z|s)(v|ɣ|w|yɣ|u)?(ɛ|i)(d͡ʒʲ|d|ɟ|t͡ʃ)$
6721-orias-1	6721-orias	^(aɣ|uɣ|u|aɣu|iɣ|oɣ|a|aw|al|ɯɣ|uː|uj|au|i|awu|aː)(r)(i|y|ɛ|a|ɯ|iɣ|wi|il|ij|al)(a|aː)(ʃ|t͡ʃ|s|ɣ)$
6737-orvos-1	6737-orvos	^(u|o|a|ɒ|ol|ul|uɣu|oɣo|ɯ|oɣ|uɣ|al|i)?(r)(v|ɣ|w|yɣ|u)?(u|o|a|ɒ)?(ʃ|t͡ʃ)$
6759-otromba-1	6759-otromba	^(u|o|a|ɒ|ol|ul|uɣu|oɣo|ɯ|oɣ|uɣ|al|i)?(t)(r)(u|o|a|ɒ|ol|ul|uɣu|oɣo|ɯ|oɣ|uɣ|al|i)?(m)(b|p)(a|o)$
7039-pegyvet-1	7039-pegyvet	^(p|pu|pi)(ɛ|i|y|ɛɣ|ø|a)(d͡ʒʲ|d|ɟ|t͡ʃ)(v|ɣ|w|yɣ|u)?(ɛ|i)(t)$
7041-pej-1	7041-pej	^(p|pu|pi)(ɛ|i|y|ɛɣ|ø|a)(l|j|ɣ|ja|ji|li)?(i|y|ɛ|iɣ|u)?$
7177-pina-1	7177-pina	^(p|pu|pi)(i|y|ɛ|a|ɯ|iɣ|wi|il|ij|al)(n|møn)?(a|o|aɣ|ɒ|aw|ul)?(i)?$
7347-ponty-1	7347-ponty	^(p|pu|pi)(u|o|a|ɒ|ol|ul|uɣu|oɣo|ɯ|oɣ|uɣ|al|i)?(n|møn)?(t)(i|y|ɛ|iɣ|u)?$
7582-punkosd-1	7582-punkosd	^(p)(i|y|ɛ|yɣ|ɛɣ|iɣy|iɣ|ø)(n)(k)(y|ɛ|ø|i|yɣy|yɣ|ɛr|ɛɣ|øɣi|ɛɣi)?(ʃ|t͡ʃ)(d|d͡ʒʲ|t)?$
7676-rece-1	7676-rece	^(r|ri)?(ɛ|i|eː|ø|y|a|e|ɛj|ɛwɛ|iu|ɛwi|iː)(s|t͡ʃ|z|k)(ɛ|i|y|ɛɣ|ø|a)$
7732-remeny-1	7732-remeny	^(r|ri|ra)?(ɛ|i|y|ɛɣ|ø|a)(m)(ɛ|i|eː|ø|y|a|e|ɛj|ɛwɛ|iu|ɛwi|iː)(n|m|ɲ)$
7778-ret-1	7778-ret	^(r|ri|ra|ru|ro|ry)?(ɛ|i|eː|ø|y|a|e|ɛj|ɛwɛ|iu|ɛwi|iː)(t|k|dø)(i|y)?$
7882-roh-1	7882-roh	^(r|ri|ra|ru|ro|ry)?(u|o|a|ɒ|ol|ul|uɣu|oɣo|ɯ|oɣ|uɣ|al|i)?(h|x|ɣ)?(i)?$
7930-rost-1	7930-rost	^(r|ri|ra|ru)?(u|o|a|ɒ|ol|ul|uɣu|oɣo|ɯ|oɣ|uɣ|al|i)?(ʃ|t͡ʃ|s|ɣ)(t|k|dø)$
7978-rug-1	7978-rug	^(r|ri|ra|ru|ro|ry)?(u|aɣ|uɣ|oɣ|aɣu|ul|uː|uɣu|i|o|iɣu)(ɡ|k)(i|y|ɛ|iɣ)?$
8015-sed-1	8015-sed	^(ʃ|t͡ʃ|s|ɣ)(ɛ|i|eː|ø|y|a|e|ɛj|ɛwɛ|iu|ɛwi|iː)(d|d͡ʒʲ|t|nd)?(i|y)?$
8040-semlyek-1	8040-semlyek	^(ʃ|t͡ʃ|s|ɣ)(ɛ|i|y)(m)(l|j|ɣ|ja|ji|li)?(ɛ|i|eː|ø|y|a|e|ɛj|ɛwɛ|iu|ɛwi|iː)(k)$
8064-serpenyo-1	8064-serpenyo	^(ʃ|t͡ʃ|s|ɣ)(ɛ|i)(r)(p|pu|pi)(ɛ)(n|m|ɲ)(ɛɣ|ɛw|iɣ|ø|ɛy|y|ɛɣy|yː|ɛwi|ɛ|øː)$
8092-sag-1	8092-sag	^(ʃ|t͡ʃ|s|ɣ)(a|aː|aɣa|al|o|aɣi|il|aɣ|ava)(ɡ|k)(i|y|ɛ|iɣ|u|øk|at|ɛk|a)?$
8155-sarma-1	8155-sarma	^(ʃ|t͡ʃ|s|ɣ)(a|aː|aɣa|al|o|aɣi|il|aɣ|ava)(r|ri)?(m)(a|o|aɣ|ɒ|aw|ul)?$
8162-sas-1	8162-sas	^(ʃ|t͡ʃ|s|ɣ)(a|o|aɣ|ɒ|aw|ul)?(ʃ|t͡ʃ|s|ɣ)(i|y|ɛ|iɣ|u|øk)?$
8163-sas-1	8163-sas	^(ʃ|t͡ʃ|s|ɣ)(a|aː|aɣa|al|o|aɣi|il|aɣ|ava)(ʃ|t͡ʃ|s|ɣ)(i|y|ɛ|iɣ)?$
8207-sir-1	8207-sir	^(ʃ|t͡ʃ|s|ɣ)(i|iː)(r|ri|ra|ru|ro|ry)?(i|y|ɛ|iɣ|u|øk|at|ɛk|a|uk)?$
8300-sordely-1	8300-sordely	^(ʃ|t͡ʃ)(u|o)(r)(d|d͡ʒʲ|t|nd)?(ɛ|i|eː|ø|y)(l|j|ɣ|ja|ji|li)?$
8460-suger-1	8460-suger	^(ʃ|t͡ʃ|s|ɣ)(i|y|ɛ|yɣ|ɛɣ|iɣy|iɣ|ø)(ɡ|k)(ɛ|i|eː|ø|y|a|e|ɛj|ɛwɛ|iu|ɛwi|iː)(r)$
8488-szab-1	8488-szab	^(s|sʲ|ʃ|z)(a|o|aɣ|ɒ|aw|ul)?(b|p)(i|y|ɛ|iɣ|u|øk|at|ɛk|a|uk)?$
8533-szaldob-1	8533-szaldob	^(s|sʲ|ʃ|z)(a|aː|aɣa)(l)(d|d͡ʒʲ|t|nd)?(u|o|a|ɒ|ol|ul|uɣu|oɣo|ɯ|oɣ|uɣ|al|i)?(b)$
8617-szed-1	8617-szed	^(s|sʲ|ʃ|z)(ɛ|i|y|ɛɣ|ø|a)(d|d͡ʒʲ|t|nd)?(i|y|ɛ|iɣ|u)?$
8618-szeder-1	8618-szeder	^(s|sʲ|ʃ|z)(ɛ|i|y|ɛɣ|ø|a)(d|d͡ʒʲ|t|nd)?(ɛ|i|y|ɛɣ|ø|a)(r)$
8625-szegeny-1	8625-szegeny	^(s|sʲ|ʃ|z)(ɛ|i|y)(ɡ|k)(ɛ|i|eː|ø|y|a|e|ɛj|ɛwɛ|iu|ɛwi|iː)(n|m|ɲ)$
8628-szegodik-1	8628-szegodik	^(s|sʲ|ʃ|z)(ɛ|i|y|ɛɣ|ø|a)(ɡ|k)(i|y|ɛ|iɣ|u|øk|at|ɛk|a|uk)?$
8634-szek-1	8634-szek	^(s|sʲ|ʃ|z)(ɛ|i|eː|ø|y|a|e|ɛj|ɛwɛ|iu|ɛwi|iː)(k|kɛ|ɡ)(i|y|ɛ|iɣ)?$
8640-szeker-1	8640-szeker	^(s|sʲ|ʃ|z)(ɛ|i|y|ɛɣ|ø|a)(k|kɛ|ɡ)(ɛ|i|eː|ø|y|a|e|ɛj|ɛwɛ|iu|ɛwi|iː)(r)$
8699-szentel-1	8699-szentel	^(s|sʲ|ʃ|z)(ɛ|i|y|ɛɣ|ø|a)(n|møn)?(t)(ɛ|i|y|ɛɣ|ø|a)(l)?$
8728-szerencs-1	8728-szerencs	^(s|sʲ|ʃ|z)(ɛ|i|y|ɛɣ|ø|a)(r)(ɛ|i|y|ɛɣ|ø|a)(n|møn)?(t͡ʃ|t͡ʃɛ)$
8763-szij-1	8763-szij	^(s|sʲ|ʃ|z)(i|iː)(l|j|ɣ|ja|ji|li)?(i|y|ɛ|iɣ|u|øk|at|ɛk|a|uk)?$
8792-szin-1	8792-szin	^(s|sʲ|ʃ|z)(i|iː)(n|møn)?(i|y|ɛ|iɣ|u|øk|at|ɛk|a|uk)?$
8840-szokik-1	8840-szokik	^(s|sʲ|ʃ|z)(u|o|a|ɒ|ol|ul|uɣu|oɣo|ɯ|oɣ|uɣ|al|i)?(k|kɛ|ɡ)(i|y|ɛ|iɣ)?$
8900-szosz-1	8900-szosz	^(s|sʲ|ʃ|z)(y|ɛ|ø|i|yɣy|yɣ|ɛr|ɛɣ|øɣi|ɛɣi)?(s|sʲ|ʃ|z)(i|y|ɛ)?$
8940-szuk-1	8940-szuk	^(s|sʲ|ʃ|z)(iɣ|yɣ|y|ɛɣ|yː|yɣy|ɛwy|ɛɣy|iɣi|ɛɣi|i|ø)(k|kɛ|ɡ)(i|y|ɛ|iɣ)?$
8951-szuz-1	8951-szuz	^(s|sʲ|ʃ|z)(iɣ|yɣ|y|ɛɣ|yː|yɣy|ɛwy|ɛɣy|iɣi|ɛɣi|i|ø)(z|s)(i|y|ɛ|iɣ|u|øk|at)?$
9089-tata-1	9089-tata	^(t|k|dø)(a|o|aɣ|ɒ|aw|ul)?(t|k|dø)(a|o|aɣ|ɒ|aw|ul)?(i)?$
9118-tehen-1	9118-tehen	^(t)(ɛ|i|y|ɛɣ|ø|a)(h|x|ɣ)?(ɛ|i|eː|ø|y|a|e|ɛj|ɛwɛ|iu|ɛwi|iː)(n|møn)?$
9119-teher-1	9119-teher	^(t|k|dø)(ɛ|i|y|ɛɣ|ø|a)(h|x|ɣ)?(ɛ|i|y|ɛɣ|ø|a)(r|ri)$
9265-tisztel-1	9265-tisztel	^(t)(i|y|ɛ|a|ɯ|iɣ|wi|il|ij|al)(s|sʲ|ʃ|z)(t)(ɛ|i|y|ɛɣ|ø|a)(l|rl)?$
9284-tok-1	9284-tok	^(t|k|dø)(u|o|a|ɒ|ol|ul|uɣu|oɣo|ɯ|oɣ|uɣ|al|i)?(k|kɛ|ɡ)(i|y|ɛ|iɣ|u)?$
9296-tolmacs-1	9296-tolmacs	^(t)(u|o|a|ɒ|ol|ul|uɣu|oɣo|ɯ|oɣ|uɣ|al|i)?(l)?(m)(a|aː|aɣa|al|o|aɣi|il|aɣ|ava)(t͡ʃ|t͡ʃɛ)?$
9301-tombas-1	9301-tombas	^(t)(u|o|a|ɒ|ol|ul|uɣu|oɣo|ɯ|oɣ|uɣ|al|i)?(m)(b|p)(a|aː|aɣa|al|o|aɣi|il|aɣ|ava)(ʃ|t͡ʃ|s|ɣ)$
9305-tomp-1	9305-tomp	^(t|k|dø)(u|o|a|ɒ|ol|ul|uɣu|oɣo|ɯ|oɣ|uɣ|al|i)?(m)(p|pu|pi)(i|y|ɛ|iɣ|u)?$
9325-torbagy-1	9325-torbagy	^(t)(u|o|a|ɒ|ol|ul|uɣu|oɣo|ɯ|oɣ|uɣ|al|i)?(r)(b|p)(a|aː|aɣa|al|o|aɣi|il|aɣ|ava)(d͡ʒʲ|d|ɟ|t͡ʃ)$
9350-tosz-1	9350-tosz	^(t|k|dø)(u|o|a|ɒ|ol|ul|uɣu|oɣo|ɯ|oɣ|uɣ|al|i)?(s|sʲ|ʃ|z)(i|y|ɛ|iɣ)?$
9395-tor-1	9395-tor	^(t|k|dø)(ɛɣ|ɛw|iɣ|ø|ɛy|y|ɛɣy|yː|ɛwi|ɛ|øː)(r|ri|ra|ru|ro|ry)?(i|y|ɛ)?$
9408-tortenik-1	9408-tortenik	^(t|k)(y|ɛ|ø|i|yɣy|yɣ|ɛr|ɛɣ|øɣi|ɛɣi)?(r)(t)(ɛ|i|eː|ø|y|a|e|ɛj|ɛwɛ|iu|ɛwi|iː)(n|møn)?$
9477-tuba-1	9477-tuba	^(t|k|dø)(u|uɣ|ɯ|uwa|aɣ)(b|p)(a|o|aɣ|ɒ|aw|ul)?(i|y|ɛ)?$
9494-tulok-1	9494-tulok	^(t|k)(u|uɣ|ɯ|uwa|aɣ)(l|rl|n|k|j)?(u|o|a|ɒ|ol|ul|uɣu|oɣo|ɯ|oɣ|uɣ|al|i)?(k)$
9525-tusz-1	9525-tusz	^(t|k|dø)(u|aɣ|uɣ|oɣ|aɣu|ul|uː|uɣu|i|o|iɣu)(s|sʲ|ʃ|z)(i|y|ɛ|iɣ|u)?$
9534-tudo-1	9534-tudo	^(t|k)(i|y|ɛ|yɣ|ɛɣ|iɣy|iɣ|ø)(d|d͡ʒʲ|t|nd)?(ɛɣ|ɛw|iɣ|ø|ɛy|y|ɛɣy|yː|ɛwi|ɛ|øː)$
9535-tugy-1	9535-tugy	^(t|k|dø)(i|y|ɛ|yɣ|ɛɣ|iɣy|iɣ|ø)(d͡ʒʲ|d|ɟ|t͡ʃ)(i|y|ɛ|iɣ|u|øk|at)?$
9587-un-1	9587-un	^(u|uɣ|ɯ|uwa|aɣ)(n|møn)?(i|y|ɛ|iɣ|u|øk|at|ɛk|a|uk)?$
9596-ur-1	9596-ur	^(u|aɣ|uɣ|oɣ|aɣu|ul|uː|uɣu|i|o|iɣu)(r|ri|ra|ru|ro|ry)?(i|y|ɛ|iɣ|u|øk|at|ɛk|a)?$
9608-utal-1	9608-utal	^(u|uɣ|ɯ|uwa|aɣ)(t|k|dø)(a|aː|aɣa|al|o|aɣi|il|aɣ|ava)(l|rl|n|k|j)?$
9633-ugy-1	9633-ugy	^(i|y|ɛ|yɣ|ɛɣ|iɣy|iɣ|ø)(d͡ʒʲ|d|ɟ|t͡ʃ)(i|y|ɛ|iɣ|u|øk|at|ɛk|a|uk)?$
9651-usti-1	9651-usti	^(i|y|ɛ|yɣ|ɛɣ|iɣy|iɣ|ø)(ʃ|t͡ʃ|s|ɣ)(t|k|dø)(i|y|ɛ|a|ɯ|iɣ|wi|il|ij|al)$
9668-uzen-1	9668-uzen	^(i|y|ɛ|yɣ|ɛɣ|iɣy|iɣ|ø)(z|s)(ɛ|i|y|ɛɣ|ø|a)(n|møn)?(i|y)?$
9694-vaj-1	9694-vaj	^(v|ɣ|w|yɣ|u)?(a|aː|aɣa|al|o|aɣi|il|aɣ|ava)(l|j|ɣ|ja|ji|li)?(i)?$
9702-vak-1	9702-vak	^(v|ɣ|w|yɣ|u)?(a|o|aɣ|ɒ|aw|ul)?(k|kɛ|ɡ)(i|y|ɛ|iɣ|u)?$
9790-veg-1	9790-veg	^(v|ɣ|w|yɣ|u)?(ɛ|i|eː|ø|y|a|e|ɛj|ɛwɛ|iu|ɛwi|iː)(ɡ|k)(i|y|ɛ|iɣ)?$
9819-venerek-1	9819-venerek	^(v|ɣ|w|yɣ|u)?(ɛ|i|y|ɛɣ|ø|a)(n)(ɛ|i)(r)(ɛ|i|eː|ø|y|a|e|ɛj|ɛwɛ|iu|ɛwi|iː)(k)$
9824-ver-1	9824-ver	^(v|ɣ|w|yɣ|u)?(ɛ|i|y|ɛɣ|ø|a)(r|ri|ra|ru|ro|ry)?(i|y)?$
9849-vese-1	9849-vese	^(v|ɣ|w|yɣ|u)?(ɛ|i|y|ɛɣ|ø|a)(ʃ|t͡ʃ|s|ɣ)(ɛ|i|y|ɛɣ|ø)$
9863-vet-1	9863-vet	^(v|ɣ|w|yɣ|u)?(ɛ|i|eː|ø|y|a|e|ɛj|ɛwɛ|iu|ɛwi|iː)(t|k|dø)(i|y|ɛ)?$
9889-videk-1	9889-videk	^(v|ɣ|w|yɣ|u)?(i|y|ɛ|a|ɯ|iɣ|wi|il|ij|al)(d|d͡ʒʲ|t|nd)?(ɛ|i|eː)(k)$
10090-zuz-1	10090-zuz	^(z|s)(u|aɣ|uɣ|oɣ|aɣu|ul|uː|uɣu|i|o|iɣu)(z|s)(i|y|ɛ|iɣ|u|øk|at|ɛk|a|uk)?$
